t,Eint,Ekin,Wext,Etot,Ebal,Wnormal,Wfric,Wext_1,Wext_2,Wnormal_1,Wnormal_2,Wfric_1,Wfric_2,Fn_1,Fn_2,dn_1,dn_2,bc_1_dx,bc_1_dy,bc_1_dz,bc_2_dx,bc_2_dy,bc_2_dz
0.000000e+00,0.000000e+00,0.000000e+00,0.000000e+00,0.000000e+00,0.000000e+00,0.000000e+00,0.000000e+00,0.000000e+00,0.000000e+00,0.000000e+00,0.000000e+00,0.000000e+00,0.000000e+00,0.000000e+00,0.000000e+00,0.000000e+00,0.000000e+00,0.000000e+00,0.000000e+00,0.000000e+00,0.000000e+00,0.000000e+00,0.000000e+00
8.395306e-02,0.000000e+00,0.000000e+00,0.000000e+00,0.000000e+00,0.000000e+00,0.000000e+00,0.000000e+00,0.000000e+00,0.000000e+00,0.000000e+00,0.000000e+00,0.000000e+00,0.000000e+00,0.000000e+00,0.000000e+00,0.000000e+00,6.247903e-05,0.000000e+00,0.000000e+00,0.000000e+00,0.000000e+00,-6.247903e-05,0.000000e+00
1.679061e-01,2.403968e-11,7.515703e-15,4.842377e-12,2.404720e-11,-1.920482e-11,4.842377e-12,-8.077561e-24,0.000000e+00,4.842377e-12,0.000000e+00,4.842377e-12,0.000000e+00,-8.077561e-24,0.000000e+00,-7.811872e-08,0.000000e+00,6.198741e-05,0.000000e+00,0.000000e+00,0.000000e+00,0.000000e+00,-1.244664e-04,0.000000e+00
2.518592e-01,2.835321e-02,2.678425e-15,2.711605e-02,2.835321e-02,-1.237161e-03,2.711592e-02,1.274426e-07,0.000000e+00,2.711605e-02,0.000000e+00,2.711592e-02,0.000000e+00,1.274426e-07,-4.409014e+02,-4.409394e+02,0.000000e+00,6.149580e-05,0.000000e+00,0.000000e+00,0.000000e+00,0.000000e+00,-1.859622e-04,0.000000e+00
3.358122e-01,7.780914e-02,2.081277e-15,8.096459e-02,7.780914e-02,3.155445e-03,8.096460e-02,-1.049038e-08,0.000000e+00,8.096459e-02,0.000000e+00,8.096460e-02,0.000000e+00,-1.049038e-08,-8.823933e+02,-8.827048e+02,0.000000e+00,6.100418e-05,0.000000e+00,0.000000e+00,0.000000e+00,0.000000e+00,-2.469664e-04,0.000000e+00
4.197653e-01,1.343012e-01,2.584934e-15,1.235863e-01,1.343012e-01,-1.071485e-02,1.235863e-01,3.472122e-08,0.000000e+00,1.235863e-01,0.000000e+00,1.235863e-01,0.000000e+00,3.472122e-08,-7.040851e+02,-7.043445e+02,0.000000e+00,6.051256e-05,0.000000e+00,0.000000e+00,0.000000e+00,0.000000e+00,-3.074790e-04,0.000000e+00
5.037183e-01,1.913227e-01,2.533352e-15,1.660430e-01,1.913227e-01,-2.527967e-02,1.660428e-01,2.555249e-07,0.000000e+00,1.660430e-01,0.000000e+00,1.660428e-01,0.000000e+00,2.555249e-07,-7.070296e+02,-7.073615e+02,0.000000e+00,6.002094e-05,0.000000e+00,0.000000e+00,0.000000e+00,0.000000e+00,-3.674999e-04,0.000000e+00
5.876714e-01,2.487860e-01,2.468126e-15,2.087731e-01,2.487860e-01,-4.001287e-02,2.087725e-01,6.315015e-07,0.000000e+00,2.087731e-01,0.000000e+00,2.087725e-01,0.000000e+00,6.315015e-07,-7.173888e+02,-7.177927e+02,0.000000e+00,5.952932e-05,0.000000e+00,0.000000e+00,0.000000e+00,0.000000e+00,-4.270292e-04,0.000000e+00
6.716245e-01,3.066442e-01,2.389957e-15,2.524266e-01,3.066442e-01,-5.421753e-02,2.524255e-01,1.147696e-06,0.000000e+00,2.524266e-01,0.000000e+00,2.524255e-01,0.000000e+00,1.147696e-06,-7.389262e+02,-7.394088e+02,0.000000e+00,5.903770e-05,0.000000e+00,0.000000e+00,0.000000e+00,0.000000e+00,-4.860669e-04,0.000000e+00
7.555775e-01,3.648418e-01,2.298734e-15,2.978127e-01,3.648418e-01,-6.702904e-02,2.978109e-01,1.802856e-06,0.000000e+00,2.978127e-01,0.000000e+00,2.978109e-01,0.000000e+00,1.802856e-06,-7.746855e+02,-7.752086e+02,0.000000e+00,5.854609e-05,0.000000e+00,0.000000e+00,0.000000e+00,0.000000e+00,-5.446130e-04,0.000000e+00
8.395306e-01,4.233035e-01,2.206896e-15,3.453023e-01,4.233035e-01,-7.800125e-02,3.452997e-01,2.578343e-06,0.000000e+00,3.453023e-01,0.000000e+00,3.452997e-01,0.000000e+00,2.578343e-06,-8.174631e+02,-8.180039e+02,0.000000e+00,5.805447e-05,0.000000e+00,0.000000e+00,0.000000e+00,0.000000e+00,-6.026675e-04,0.000000e+00
9.234836e-01,4.820297e-01,2.131231e-15,3.943551e-01,4.820297e-01,-8.767454e-02,3.943517e-01,3.439694e-06,0.000000e+00,3.943551e-01,0.000000e+00,3.943517e-01,0.000000e+00,3.439694e-06,-8.516141e+02,-8.521465e+02,0.000000e+00,5.756285e-05,0.000000e+00,0.000000e+00,0.000000e+00,0.000000e+00,-6.602303e-04,0.000000e+00
1.007437e+00,5.410321e-01,2.066533e-15,4.446202e-01,5.410321e-01,-9.641189e-02,4.446159e-01,4.363906e-06,0.000000e+00,4.446202e-01,0.000000e+00,4.446159e-01,0.000000e+00,4.363906e-06,-8.802244e+02,-8.807272e+02,0.000000e+00,5.707123e-05,0.000000e+00,0.000000e+00,0.000000e+00,0.000000e+00,-7.173016e-04,0.000000e+00
1.091390e+00,6.003398e-01,2.012196e-15,4.957754e-01,6.003398e-01,-1.045644e-01,4.957701e-01,5.335093e-06,0.000000e+00,4.957754e-01,0.000000e+00,4.957701e-01,0.000000e+00,5.335093e-06,-9.036309e+02,-9.041098e+02,0.000000e+00,5.657961e-05,0.000000e+00,0.000000e+00,0.000000e+00,0.000000e+00,-7.738812e-04,0.000000e+00
1.175343e+00,6.599619e-01,1.963721e-15,5.476995e-01,6.599619e-01,-1.122624e-01,5.476932e-01,6.342787e-06,0.000000e+00,5.476995e-01,0.000000e+00,5.476932e-01,0.000000e+00,6.342787e-06,-9.252867e+02,-9.257441e+02,0.000000e+00,5.608800e-05,0.000000e+00,0.000000e+00,0.000000e+00,0.000000e+00,-8.299692e-04,0.000000e+00
1.259296e+00,7.198952e-01,1.919111e-15,6.003406e-01,7.198952e-01,-1.195547e-01,6.003332e-01,7.378995e-06,0.000000e+00,6.003406e-01,0.000000e+00,6.003332e-01,0.000000e+00,7.378995e-06,-9.463902e+02,-9.468242e+02,0.000000e+00,5.559638e-05,0.000000e+00,0.000000e+00,0.000000e+00,0.000000e+00,-8.855656e-04,0.000000e+00
1.343249e+00,7.801399e-01,1.878227e-15,6.536162e-01,7.801399e-01,-1.265237e-01,6.536078e-01,8.434216e-06,0.000000e+00,6.536162e-01,0.000000e+00,6.536078e-01,0.000000e+00,8.434216e-06,-9.663811e+02,-9.667877e+02,0.000000e+00,5.510476e-05,0.000000e+00,0.000000e+00,0.000000e+00,0.000000e+00,-9.406703e-04,0.000000e+00
1.427202e+00,8.406959e-01,1.840655e-15,7.074534e-01,8.406959e-01,-1.332425e-01,7.074439e-01,9.502998e-06,0.000000e+00,7.074534e-01,0.000000e+00,7.074439e-01,0.000000e+00,9.502998e-06,-9.853915e+02,-9.857729e+02,0.000000e+00,5.461314e-05,0.000000e+00,0.000000e+00,0.000000e+00,0.000000e+00,-9.952835e-04,0.000000e+00
1.511155e+00,9.015588e-01,1.805636e-15,7.618968e-01,9.015588e-01,-1.396620e-01,7.618862e-01,1.058439e-05,0.000000e+00,7.618968e-01,0.000000e+00,7.618862e-01,0.000000e+00,1.058439e-05,-1.004990e+03,-1.005339e+03,0.000000e+00,5.415312e-05,0.000000e+00,0.000000e+00,0.000000e+00,0.000000e+00,-1.049437e-03,0.000000e+00
1.595108e+00,9.627707e-01,1.777677e-15,8.169001e-01,9.627707e-01,-1.458706e-01,8.168884e-01,1.168054e-05,0.000000e+00,8.169001e-01,0.000000e+00,8.168884e-01,0.000000e+00,1.168054e-05,-1.023088e+03,-1.023406e+03,0.000000e+00,5.374426e-05,0.000000e+00,0.000000e+00,0.000000e+00,0.000000e+00,-1.103181e-03,0.000000e+00
1.679061e+00,1.024249e+00,1.750369e-15,8.724226e-01,1.024249e+00,-1.518264e-01,8.724098e-01,1.278594e-05,0.000000e+00,8.724226e-01,0.000000e+00,8.724098e-01,0.000000e+00,1.278594e-05,-1.040721e+03,-1.040986e+03,0.000000e+00,5.333541e-05,0.000000e+00,0.000000e+00,0.000000e+00,0.000000e+00,-1.156516e-03,0.000000e+00
1.763014e+00,1.085914e+00,1.725009e-15,9.283459e-01,1.085914e+00,-1.575679e-01,9.283321e-01,1.387423e-05,0.000000e+00,9.283459e-01,0.000000e+00,9.283321e-01,0.000000e+00,1.387423e-05,-1.056376e+03,-1.056601e+03,0.000000e+00,5.292655e-05,0.000000e+00,0.000000e+00,0.000000e+00,0.000000e+00,-1.209443e-03,0.000000e+00
1.846967e+00,1.147663e+00,1.701013e-15,9.847074e-01,1.147663e+00,-1.629558e-01,9.846925e-01,1.493033e-05,0.000000e+00,9.847074e-01,0.000000e+00,9.846925e-01,0.000000e+00,1.493033e-05,-1.073009e+03,-1.073170e+03,0.000000e+00,5.251769e-05,0.000000e+00,0.000000e+00,0.000000e+00,0.000000e+00,-1.261961e-03,0.000000e+00
1.930920e+00,1.209468e+00,1.687612e-15,1.041359e+00,1.209468e+00,-1.681087e-01,1.041343e+00,1.596891e-05,0.000000e+00,1.041359e+00,0.000000e+00,1.041343e+00,0.000000e+00,1.596891e-05,-1.087126e+03,-1.087157e+03,0.000000e+00,5.210883e-05,0.000000e+00,0.000000e+00,0.000000e+00,0.000000e+00,-1.314069e-03,0.000000e+00
2.014873e+00,1.271217e+00,1.678702e-15,1.097734e+00,1.271217e+00,-1.734827e-01,1.097717e+00,1.702147e-05,0.000000e+00,1.097734e+00,0.000000e+00,1.097717e+00,0.000000e+00,1.702147e-05,-1.090491e+03,-1.090416e+03,0.000000e+00,5.169997e-05,0.000000e+00,0.000000e+00,0.000000e+00,0.000000e+00,-1.365769e-03,0.000000e+00
2.098826e+00,1.332722e+00,1.671192e-15,1.153367e+00,1.332722e+00,-1.793554e-01,1.153349e+00,1.807888e-05,0.000000e+00,1.153367e+00,0.000000e+00,1.153349e+00,0.000000e+00,1.807888e-05,-1.084742e+03,-1.084618e+03,0.000000e+00,5.129112e-05,0.000000e+00,0.000000e+00,0.000000e+00,0.000000e+00,-1.417060e-03,0.000000e+00
2.182780e+00,1.393762e+00,1.664261e-15,1.207780e+00,1.393762e+00,-1.859826e-01,1.207760e+00,1.914577e-05,0.000000e+00,1.207780e+00,0.000000e+00,1.207760e+00,0.000000e+00,1.914577e-05,-1.069435e+03,-1.069365e+03,0.000000e+00,5.088226e-05,0.000000e+00,0.000000e+00,0.000000e+00,0.000000e+00,-1.467943e-03,0.000000e+00
2.266733e+00,1.454097e+00,1.654684e-15,1.260778e+00,1.454097e+00,-1.933193e-01,1.260758e+00,2.022390e-05,0.000000e+00,1.260778e+00,0.000000e+00,1.260758e+00,0.000000e+00,2.022390e-05,-1.049955e+03,-1.050009e+03,0.000000e+00,5.047340e-05,0.000000e+00,0.000000e+00,0.000000e+00,0.000000e+00,-1.518416e-03,0.000000e+00
2.350686e+00,1.513530e+00,1.641848e-15,1.312333e+00,1.513530e+00,-2.011970e-01,1.312312e+00,2.134481e-05,0.000000e+00,1.312333e+00,0.000000e+00,1.312312e+00,0.000000e+00,2.134481e-05,-1.029572e+03,-1.029751e+03,0.000000e+00,5.006454e-05,0.000000e+00,0.000000e+00,0.000000e+00,0.000000e+00,-1.568481e-03,0.000000e+00
2.434639e+00,1.572016e+00,1.625703e-15,1.362826e+00,1.572016e+00,-2.091893e-01,1.362804e+00,2.255393e-05,0.000000e+00,1.362826e+00,0.000000e+00,1.362804e+00,0.000000e+00,2.255393e-05,-1.016580e+03,-1.016838e+03,0.000000e+00,4.965568e-05,0.000000e+00,0.000000e+00,0.000000e+00,0.000000e+00,-1.618136e-03,0.000000e+00
2.518592e+00,1.629537e+00,1.608117e-15,1.412325e+00,1.629537e+00,-2.172118e-01,1.412301e+00,2.386669e-05,0.000000e+00,1.412325e+00,0.000000e+00,1.412301e+00,0.000000e+00,2.386669e-05,-1.004780e+03,-1.005092e+03,0.000000e+00,4.924683e-05,0.000000e+00,0.000000e+00,0.000000e+00,0.000000e+00,-1.667383e-03,0.000000e+00
2.602545e+00,1.686088e+00,1.589174e-15,1.460800e+00,1.686088e+00,-2.252878e-01,1.460775e+00,2.527929e-05,0.000000e+00,1.460800e+00,0.000000e+00,1.460775e+00,0.000000e+00,2.527929e-05,-9.921984e+02,-9.925423e+02,0.000000e+00,4.883797e-05,0.000000e+00,0.000000e+00,0.000000e+00,0.000000e+00,-1.716221e-03,0.000000e+00
2.686498e+00,1.741703e+00,1.569917e-15,1.508369e+00,1.741703e+00,-2.333346e-01,1.508342e+00,2.678459e-05,0.000000e+00,1.508369e+00,0.000000e+00,1.508342e+00,0.000000e+00,2.678459e-05,-9.818433e+02,-9.822015e+02,0.000000e+00,4.842911e-05,0.000000e+00,0.000000e+00,0.000000e+00,0.000000e+00,-1.764650e-03,0.000000e+00
2.770451e+00,1.796396e+00,1.548624e-15,1.555024e+00,1.796396e+00,-2.413724e-01,1.554995e+00,2.837164e-05,0.000000e+00,1.555024e+00,0.000000e+00,1.554995e+00,0.000000e+00,2.837164e-05,-9.711667e+02,-9.715307e+02,0.000000e+00,4.802025e-05,0.000000e+00,0.000000e+00,0.000000e+00,0.000000e+00,-1.812670e-03,0.000000e+00
2.854404e+00,1.850180e+00,1.524980e-15,1.600673e+00,1.850180e+00,-2.495069e-01,1.600643e+00,3.002878e-05,0.000000e+00,1.600673e+00,0.000000e+00,1.600643e+00,0.000000e+00,3.002878e-05,-9.583774e+02,-9.587595e+02,0.000000e+00,4.761139e-05,0.000000e+00,0.000000e+00,0.000000e+00,0.000000e+00,-1.860282e-03,0.000000e+00
2.938357e+00,1.903088e+00,1.501328e-15,1.645402e+00,1.903088e+00,-2.576860e-01,1.645370e+00,3.175687e-05,0.000000e+00,1.645402e+00,0.000000e+00,1.645370e+00,0.000000e+00,3.175687e-05,-9.471693e+02,-9.475536e+02,0.000000e+00,4.720254e-05,0.000000e+00,0.000000e+00,0.000000e+00,0.000000e+00,-1.907484e-03,0.000000e+00
3.022310e+00,1.955150e+00,1.476488e-15,1.689267e+00,1.955150e+00,-2.658828e-01,1.689234e+00,3.355434e-05,0.000000e+00,1.689267e+00,0.000000e+00,1.689234e+00,0.000000e+00,3.355434e-05,-9.369956e+02,-9.373883e+02,0.000000e+00,4.679368e-05,0.000000e+00,0.000000e+00,0.000000e+00,0.000000e+00,-1.954278e-03,0.000000e+00
3.106263e+00,2.006435e+00,1.450836e-15,1.732323e+00,2.006435e+00,-2.741128e-01,1.732287e+00,3.541493e-05,0.000000e+00,1.732323e+00,0.000000e+00,1.732287e+00,0.000000e+00,3.541493e-05,-9.277790e+02,-9.281763e+02,0.000000e+00,4.638482e-05,0.000000e+00,0.000000e+00,0.000000e+00,0.000000e+00,-2.000663e-03,0.000000e+00
3.190216e+00,2.057003e+00,1.424742e-15,1.774561e+00,2.057003e+00,-2.824412e-01,1.774524e+00,3.732385e-05,0.000000e+00,1.774561e+00,0.000000e+00,1.774524e+00,0.000000e+00,3.732385e-05,-9.182686e+02,-9.186745e+02,0.000000e+00,4.597596e-05,0.000000e+00,0.000000e+00,0.000000e+00,0.000000e+00,-2.046639e-03,0.000000e+00
3.274169e+00,2.106896e+00,1.397209e-15,1.815971e+00,2.106896e+00,-2.909250e-01,1.815932e+00,3.927085e-05,0.000000e+00,1.815971e+00,0.000000e+00,1.815932e+00,0.000000e+00,3.927085e-05,-9.082865e+02,-9.087122e+02,0.000000e+00,4.556710e-05,0.000000e+00,0.000000e+00,0.000000e+00,0.000000e+00,-2.092206e-03,0.000000e+00
3.358122e+00,2.156183e+00,1.370916e-15,1.856657e+00,2.156183e+00,-2.995265e-01,1.856616e+00,4.125210e-05,0.000000e+00,1.856657e+00,0.000000e+00,1.856616e+00,0.000000e+00,4.125210e-05,-9.004760e+02,-9.009225e+02,0.000000e+00,4.515825e-05,0.000000e+00,0.000000e+00,0.000000e+00,0.000000e+00,-2.137364e-03,0.000000e+00
3.442075e+00,2.204940e+00,1.346372e-15,1.896715e+00,2.204940e+00,-3.082251e-01,1.896672e+00,4.327076e-05,0.000000e+00,1.896715e+00,0.000000e+00,1.896672e+00,0.000000e+00,4.327076e-05,-8.946525e+02,-8.951189e+02,0.000000e+00,4.474939e-05,0.000000e+00,0.000000e+00,0.000000e+00,0.000000e+00,-2.182114e-03,0.000000e+00
3.526028e+00,2.253243e+00,1.321550e-15,1.936251e+00,2.253243e+00,-3.169921e-01,1.936206e+00,4.533153e-05,0.000000e+00,1.936251e+00,0.000000e+00,1.936206e+00,0.000000e+00,4.533153e-05,-8.911138e+02,-8.916009e+02,0.000000e+00,4.434053e-05,0.000000e+00,0.000000e+00,0.000000e+00,0.000000e+00,-2.226454e-03,0.000000e+00
3.609982e+00,2.301158e+00,1.297114e-15,1.975340e+00,2.301158e+00,-3.258174e-01,1.975293e+00,4.743234e-05,0.000000e+00,1.975340e+00,0.000000e+00,1.975293e+00,0.000000e+00,4.743234e-05,-8.892109e+02,-8.897232e+02,0.000000e+00,4.393167e-05,0.000000e+00,0.000000e+00,0.000000e+00,0.000000e+00,-2.270386e-03,0.000000e+00
3.693935e+00,2.348747e+00,1.273080e-15,2.014042e+00,2.348747e+00,-3.347055e-01,2.013992e+00,4.957147e-05,0.000000e+00,2.014042e+00,0.000000e+00,2.013992e+00,0.000000e+00,4.957147e-05,-8.886463e+02,-8.891823e+02,0.000000e+00,4.352281e-05,0.000000e+00,0.000000e+00,0.000000e+00,0.000000e+00,-2.313909e-03,0.000000e+00
3.777888e+00,2.396102e+00,1.252944e-15,2.052483e+00,2.396102e+00,-3.436194e-01,2.052431e+00,5.175395e-05,0.000000e+00,2.052483e+00,0.000000e+00,2.052431e+00,0.000000e+00,5.175395e-05,-8.896462e+02,-8.902014e+02,0.000000e+00,4.317996e-05,0.000000e+00,0.000000e+00,0.000000e+00,0.000000e+00,-2.357089e-03,0.000000e+00
3.861841e+00,2.443251e+00,1.233623e-15,2.090720e+00,2.443251e+00,-3.525313e-01,2.090666e+00,5.398437e-05,0.000000e+00,2.090720e+00,0.000000e+00,2.090666e+00,0.000000e+00,5.398437e-05,-8.919132e+02,-8.924870e+02,0.000000e+00,4.284020e-05,0.000000e+00,0.000000e+00,0.000000e+00,0.000000e+00,-2.399929e-03,0.000000e+00
3.945794e+00,2.490213e+00,1.214687e-15,2.128800e+00,2.490213e+00,-3.614124e-01,2.128744e+00,5.626963e-05,0.000000e+00,2.128800e+00,0.000000e+00,2.128744e+00,0.000000e+00,5.626963e-05,-8.953586e+02,-8.959509e+02,0.000000e+00,4.250045e-05,0.000000e+00,0.000000e+00,0.000000e+00,0.000000e+00,-2.442429e-03,0.000000e+00
4.029747e+00,2.537009e+00,1.196140e-15,2.166746e+00,2.537009e+00,-3.702626e-01,2.166688e+00,5.861263e-05,0.000000e+00,2.166746e+00,0.000000e+00,2.166688e+00,0.000000e+00,5.861263e-05,-8.993737e+02,-8.999801e+02,0.000000e+00,4.216070e-05,0.000000e+00,0.000000e+00,0.000000e+00,0.000000e+00,-2.484590e-03,0.000000e+00
4.113700e+00,2.583661e+00,1.177977e-15,2.204574e+00,2.583661e+00,-3.790869e-01,2.204513e+00,6.101868e-05,0.000000e+00,2.204574e+00,0.000000e+00,2.204513e+00,0.000000e+00,6.101868e-05,-9.038461e+02,-9.044679e+02,0.000000e+00,4.182094e-05,0.000000e+00,0.000000e+00,0.000000e+00,0.000000e+00,-2.526411e-03,0.000000e+00
4.197653e+00,2.630186e+00,1.160163e-15,2.242305e+00,2.630186e+00,-3.878809e-01,2.242241e+00,6.349876e-05,0.000000e+00,2.242305e+00,0.000000e+00,2.242241e+00,0.000000e+00,6.349876e-05,-9.088866e+02,-9.095186e+02,0.000000e+00,4.148119e-05,0.000000e+00,0.000000e+00,0.000000e+00,0.000000e+00,-2.567892e-03,0.000000e+00
4.281606e+00,2.676595e+00,1.142650e-15,2.279954e+00,2.676595e+00,-3.966402e-01,2.279888e+00,6.606790e-05,0.000000e+00,2.279954e+00,0.000000e+00,2.279888e+00,0.000000e+00,6.606790e-05,-9.144243e+02,-9.150679e+02,0.000000e+00,4.114143e-05,0.000000e+00,0.000000e+00,0.000000e+00,0.000000e+00,-2.609033e-03,0.000000e+00
4.365559e+00,2.722897e+00,1.125396e-15,2.317543e+00,2.722897e+00,-4.053545e-01,2.317474e+00,6.874478e-05,0.000000e+00,2.317543e+00,0.000000e+00,2.317474e+00,0.000000e+00,6.874478e-05,-9.205245e+02,-9.211780e+02,0.000000e+00,4.080168e-05,0.000000e+00,0.000000e+00,0.000000e+00,0.000000e+00,-2.649835e-03,0.000000e+00
4.449512e+00,2.769101e+00,1.108369e-15,2.355076e+00,2.769101e+00,-4.140253e-01,2.355004e+00,7.154640e-05,0.000000e+00,2.355076e+00,0.000000e+00,2.355004e+00,0.000000e+00,7.154640e-05,-9.268924e+02,-9.275516e+02,0.000000e+00,4.046192e-05,0.000000e+00,0.000000e+00,0.000000e+00,0.000000e+00,-2.690297e-03,0.000000e+00
4.533465e+00,2.815214e+00,1.091564e-15,2.392556e+00,2.815214e+00,-4.226578e-01,2.392482e+00,7.449066e-05,0.000000e+00,2.392556e+00,0.000000e+00,2.392482e+00,0.000000e+00,7.449066e-05,-9.334204e+02,-9.340839e+02,0.000000e+00,4.012217e-05,0.000000e+00,0.000000e+00,0.000000e+00,0.000000e+00,-2.730419e-03,0.000000e+00
4.617418e+00,2.861242e+00,1.074973e-15,2.429985e+00,2.861242e+00,-4.312562e-01,2.429908e+00,7.759740e-05,0.000000e+00,2.429985e+00,0.000000e+00,2.429908e+00,0.000000e+00,7.759740e-05,-9.401046e+02,-9.407656e+02,0.000000e+00,3.978242e-05,0.000000e+00,0.000000e+00,0.000000e+00,0.000000e+00,-2.770202e-03,0.000000e+00
4.701371e+00,2.907189e+00,1.058592e-15,2.467362e+00,2.907189e+00,-4.398265e-01,2.467281e+00,8.088761e-05,0.000000e+00,2.467362e+00,0.000000e+00,2.467281e+00,0.000000e+00,8.088761e-05,-9.468793e+02,-9.475350e+02,0.000000e+00,3.944266e-05,0.000000e+00,0.000000e+00,0.000000e+00,0.000000e+00,-2.809644e-03,0.000000e+00
4.785324e+00,2.953058e+00,1.042414e-15,2.504685e+00,2.953058e+00,-4.483736e-01,2.504600e+00,8.438316e-05,0.000000e+00,2.504685e+00,0.000000e+00,2.504600e+00,0.000000e+00,8.438316e-05,-9.537317e+02,-9.543812e+02,0.000000e+00,3.910291e-05,0.000000e+00,0.000000e+00,0.000000e+00,0.000000e+00,-2.848747e-03,0.000000e+00
4.869277e+00,2.998854e+00,1.026445e-15,2.541952e+00,2.998854e+00,-4.569023e-01,2.541864e+00,8.810685e-05,0.000000e+00,2.541952e+00,0.000000e+00,2.541864e+00,0.000000e+00,8.810685e-05,-9.606704e+02,-9.613133e+02,0.000000e+00,3.876315e-05,0.000000e+00,0.000000e+00,0.000000e+00,0.000000e+00,-2.887510e-03,0.000000e+00
4.953230e+00,3.044579e+00,1.010686e-15,2.579162e+00,3.044579e+00,-4.654177e-01,2.579069e+00,9.208242e-05,0.000000e+00,2.579162e+00,0.000000e+00,2.579069e+00,0.000000e+00,9.208242e-05,-9.676780e+02,-9.683137e+02,0.000000e+00,3.842340e-05,0.000000e+00,0.000000e+00,0.000000e+00,0.000000e+00,-2.925934e-03,0.000000e+00
5.037183e+00,3.090236e+00,9.951321e-16,2.616311e+00,3.090236e+00,-4.739252e-01,2.616214e+00,9.633421e-05,0.000000e+00,2.616311e+00,0.000000e+00,2.616214e+00,0.000000e+00,9.633421e-05,-9.747255e+02,-9.753544e+02,0.000000e+00,3.808364e-05,0.000000e+00,0.000000e+00,0.000000e+00,0.000000e+00,-2.964017e-03,0.000000e+00
5.121137e+00,3.135826e+00,9.797782e-16,2.653394e+00,3.135826e+00,-4.824314e-01,2.653293e+00,1.008872e-04,0.000000e+00,2.653394e+00,0.000000e+00,2.653293e+00,0.000000e+00,1.008872e-04,-9.817600e+02,-9.823792e+02,0.000000e+00,3.774389e-05,0.000000e+00,0.000000e+00,0.000000e+00,0.000000e+00,-3.001761e-03,0.000000e+00
5.205090e+00,3.181369e+00,9.655386e-16,2.690427e+00,3.181369e+00,-4.909421e-01,2.690321e+00,1.057699e-04,0.000000e+00,2.690427e+00,0.000000e+00,2.690321e+00,0.000000e+00,1.057699e-04,-9.888339e+02,-9.894391e+02,0.000000e+00,3.742345e-05,0.000000e+00,0.000000e+00,0.000000e+00,0.000000e+00,-3.039185e-03,0.000000e+00
5.289043e+00,3.226919e+00,9.541884e-16,2.727449e+00,3.226919e+00,-4.994702e-01,2.727338e+00,1.110197e-04,0.000000e+00,2.727449e+00,0.000000e+00,2.727338e+00,0.000000e+00,1.110197e-04,-9.960607e+02,-9.966551e+02,0.000000e+00,3.714103e-05,0.000000e+00,0.000000e+00,0.000000e+00,0.000000e+00,-3.076326e-03,0.000000e+00
5.372996e+00,3.271204e+00,9.343372e-16,2.759593e+00,3.271204e+00,-5.116112e-01,2.759476e+00,1.165776e-04,0.000000e+00,2.759593e+00,0.000000e+00,2.759476e+00,0.000000e+00,1.165776e-04,-8.950671e+02,-8.719362e+02,0.000000e+00,3.685861e-05,0.000000e+00,0.000000e+00,0.000000e+00,0.000000e+00,-3.113184e-03,0.000000e+00
5.456949e+00,3.316160e+00,8.900402e-16,2.792284e+00,3.316160e+00,-5.238770e-01,2.792161e+00,1.221086e-04,0.000000e+00,2.792284e+00,0.000000e+00,2.792161e+00,0.000000e+00,1.221086e-04,-9.887738e+02,-8.936198e+02,0.000000e+00,3.657619e-05,0.000000e+00,0.000000e+00,0.000000e+00,0.000000e+00,-3.149761e-03,0.000000e+00
5.540902e+00,3.361090e+00,8.772313e-16,2.825102e+00,3.361090e+00,-5.359876e-01,2.824975e+00,1.274501e-04,0.000000e+00,2.825102e+00,0.000000e+00,2.824975e+00,0.000000e+00,1.274501e-04,-9.906464e+02,-9.041085e+02,0.000000e+00,3.629377e-05,0.000000e+00,0.000000e+00,0.000000e+00,0.000000e+00,-3.186054e-03,0.000000e+00
5.624855e+00,3.405978e+00,8.638345e-16,2.858055e+00,3.405978e+00,-5.479228e-01,2.857923e+00,1.325807e-04,0.000000e+00,2.858055e+00,0.000000e+00,2.857923e+00,0.000000e+00,1.325807e-04,-9.965399e+02,-9.149451e+02,0.000000e+00,3.601135e-05,0.000000e+00,0.000000e+00,0.000000e+00,0.000000e+00,-3.222066e-03,0.000000e+00
5.708808e+00,3.451766e+00,8.979662e-16,2.895147e+00,3.451766e+00,-5.566195e-01,2.895002e+00,1.451360e-04,0.000000e+00,2.895147e+00,0.000000e+00,2.895002e+00,0.000000e+00,1.451360e-04,-1.029278e+03,-1.037790e+03,0.000000e+00,3.572893e-05,0.000000e+00,0.000000e+00,0.000000e+00,0.000000e+00,-3.257795e-03,0.000000e+00
5.792761e+00,3.497587e+00,8.887435e-16,2.932023e+00,3.497587e+00,-5.655636e-01,2.931867e+00,1.559642e-04,0.000000e+00,2.932023e+00,0.000000e+00,2.931867e+00,0.000000e+00,1.559642e-04,-1.042233e+03,-1.040037e+03,0.000000e+00,3.544651e-05,0.000000e+00,0.000000e+00,0.000000e+00,0.000000e+00,-3.293241e-03,0.000000e+00
5.876714e+00,3.543409e+00,8.773721e-16,2.968814e+00,3.543409e+00,-5.745951e-01,2.968649e+00,1.657836e-04,0.000000e+00,2.968814e+00,0.000000e+00,2.968649e+00,0.000000e+00,1.657836e-04,-1.056064e+03,-1.046002e+03,0.000000e+00,3.516409e-05,0.000000e+00,0.000000e+00,0.000000e+00,0.000000e+00,-3.328405e-03,0.000000e+00
5.960667e+00,3.589238e+00,8.663524e-16,3.005629e+00,3.589238e+00,-5.836087e-01,3.005454e+00,1.750134e-04,0.000000e+00,3.005629e+00,0.000000e+00,3.005454e+00,0.000000e+00,1.750134e-04,-1.070507e+03,-1.055148e+03,0.000000e+00,3.488167e-05,0.000000e+00,0.000000e+00,0.000000e+00,0.000000e+00,-3.363287e-03,0.000000e+00
6.044620e+00,3.635069e+00,8.553024e-16,3.042546e+00,3.635069e+00,-5.925239e-01,3.042362e+00,1.838272e-04,0.000000e+00,3.042546e+00,0.000000e+00,3.042362e+00,0.000000e+00,1.838272e-04,-1.085718e+03,-1.066730e+03,0.000000e+00,3.459925e-05,0.000000e+00,0.000000e+00,0.000000e+00,0.000000e+00,-3.397886e-03,0.000000e+00
6.128573e+00,3.680903e+00,8.442226e-16,3.079617e+00,3.680903e+00,-6.012862e-01,3.079424e+00,1.923024e-04,0.000000e+00,3.079617e+00,0.000000e+00,3.079424e+00,0.000000e+00,1.923024e-04,-1.101796e+03,-1.080012e+03,0.000000e+00,3.431683e-05,0.000000e+00,0.000000e+00,0.000000e+00,0.000000e+00,-3.432203e-03,0.000000e+00
6.212526e+00,3.726734e+00,8.331388e-16,3.116888e+00,3.726734e+00,-6.098464e-01,3.116687e+00,2.004813e-04,0.000000e+00,3.116888e+00,0.000000e+00,3.116687e+00,0.000000e+00,2.004813e-04,-1.119379e+03,-1.094866e+03,0.000000e+00,3.403441e-05,0.000000e+00,0.000000e+00,0.000000e+00,0.000000e+00,-3.466237e-03,0.000000e+00
6.296479e+00,3.772559e+00,8.220679e-16,3.154426e+00,3.772559e+00,-6.181337e-01,3.154217e+00,2.083944e-04,0.000000e+00,3.154426e+00,0.000000e+00,3.154217e+00,0.000000e+00,2.083944e-04,-1.138684e+03,-1.111936e+03,0.000000e+00,3.375199e-05,0.000000e+00,0.000000e+00,0.000000e+00,0.000000e+00,-3.499989e-03,0.000000e+00
6.380432e+00,3.818374e+00,8.110437e-16,3.192272e+00,3.818374e+00,-6.261020e-01,3.192056e+00,2.160660e-04,0.000000e+00,3.192272e+00,0.000000e+00,3.192056e+00,0.000000e+00,2.160660e-04,-1.159220e+03,-1.130536e+03,0.000000e+00,3.346957e-05,0.000000e+00,0.000000e+00,0.000000e+00,0.000000e+00,-3.533459e-03,0.000000e+00
6.464385e+00,3.864163e+00,7.995154e-16,3.230504e+00,3.864163e+00,-6.336584e-01,3.230281e+00,2.235131e-04,0.000000e+00,3.230504e+00,0.000000e+00,3.230281e+00,0.000000e+00,2.235131e-04,-1.182491e+03,-1.151797e+03,0.000000e+00,3.318715e-05,0.000000e+00,0.000000e+00,0.000000e+00,0.000000e+00,-3.566646e-03,0.000000e+00
6.548339e+00,3.909926e+00,7.885322e-16,3.269123e+00,3.909926e+00,-6.408029e-01,3.268892e+00,2.307580e-04,0.000000e+00,3.269123e+00,0.000000e+00,3.268892e+00,0.000000e+00,2.307580e-04,-1.206108e+03,-1.173436e+03,0.000000e+00,3.290473e-05,0.000000e+00,0.000000e+00,0.000000e+00,0.000000e+00,-3.599551e-03,0.000000e+00
6.632292e+00,3.955661e+00,7.777396e-16,3.308113e+00,3.955661e+00,-6.475479e-01,3.307875e+00,2.378240e-04,0.000000e+00,3.308113e+00,0.000000e+00,3.307875e+00,0.000000e+00,2.378240e-04,-1.229671e+03,-1.194975e+03,0.000000e+00,3.262231e-05,0.000000e+00,0.000000e+00,0.000000e+00,0.000000e+00,-3.632173e-03,0.000000e+00
6.716245e+00,4.001363e+00,7.671107e-16,3.347451e+00,4.001363e+00,-6.539125e-01,3.347206e+00,2.447331e-04,0.000000e+00,3.347451e+00,0.000000e+00,3.347206e+00,0.000000e+00,2.447331e-04,-1.252932e+03,-1.216171e+03,0.000000e+00,3.233989e-05,0.000000e+00,0.000000e+00,0.000000e+00,0.000000e+00,-3.664513e-03,0.000000e+00
6.800198e+00,4.047029e+00,7.566454e-16,3.387108e+00,4.047029e+00,-6.599211e-01,3.386856e+00,2.515047e-04,0.000000e+00,3.387108e+00,0.000000e+00,3.386856e+00,0.000000e+00,2.515047e-04,-1.275811e+03,-1.236849e+03,0.000000e+00,3.205747e-05,0.000000e+00,0.000000e+00,0.000000e+00,0.000000e+00,-3.696571e-03,0.000000e+00
6.884151e+00,4.092171e+00,7.344866e-16,3.429104e+00,4.092171e+00,-6.630669e-01,3.428845e+00,2.593534e-04,0.000000e+00,3.429104e+00,0.000000e+00,3.428845e+00,0.000000e+00,2.593534e-04,-1.201141e+03,-1.321445e+03,0.000000e+00,3.177505e-05,0.000000e+00,0.000000e+00,0.000000e+00,0.000000e+00,-3.728346e-03,0.000000e+00
6.968104e+00,4.137663e+00,7.161591e-16,3.471204e+00,4.137663e+00,-6.664590e-01,3.470937e+00,2.669321e-04,0.000000e+00,3.471204e+00,0.000000e+00,3.470937e+00,0.000000e+00,2.669321e-04,-1.268005e+03,-1.336564e+03,0.000000e+00,3.149263e-05,0.000000e+00,0.000000e+00,0.000000e+00,0.000000e+00,-3.759838e-03,0.000000e+00
7.052057e+00,4.183119e+00,7.092296e-16,3.513164e+00,4.183119e+00,-6.699552e-01,3.512889e+00,2.743178e-04,0.000000e+00,3.513164e+00,0.000000e+00,3.512889e+00,0.000000e+00,2.743178e-04,-1.289537e+03,-1.344195e+03,0.000000e+00,3.121021e-05,0.000000e+00,0.000000e+00,0.000000e+00,0.000000e+00,-3.791048e-03,0.000000e+00
7.136010e+00,4.228516e+00,7.011077e-16,3.555007e+00,4.228516e+00,-6.735098e-01,3.554725e+00,2.815737e-04,0.000000e+00,3.555007e+00,0.000000e+00,3.554725e+00,0.000000e+00,2.815737e-04,-1.310911e+03,-1.352685e+03,0.000000e+00,3.092779e-05,0.000000e+00,0.000000e+00,0.000000e+00,0.000000e+00,-3.821976e-03,0.000000e+00
7.219963e+00,4.273996e+00,6.992359e-16,3.597631e+00,4.273996e+00,-6.763651e-01,3.597340e+00,2.915040e-04,0.000000e+00,3.597631e+00,0.000000e+00,3.597340e+00,0.000000e+00,2.915040e-04,-1.340779e+03,-1.390584e+03,0.000000e+00,3.064537e-05,0.000000e+00,0.000000e+00,0.000000e+00,0.000000e+00,-3.852622e-03,0.000000e+00
7.303916e+00,4.319427e+00,6.908396e-16,3.640058e+00,4.319427e+00,-6.793684e-01,3.639757e+00,3.010980e-04,0.000000e+00,3.640058e+00,0.000000e+00,3.639757e+00,0.000000e+00,3.010980e-04,-1.361969e+03,-1.397013e+03,0.000000e+00,3.036295e-05,0.000000e+00,0.000000e+00,0.000000e+00,0.000000e+00,-3.882985e-03,0.000000e+00
7.387869e+00,4.323496e+00,6.820853e-16,3.643827e+00,4.323496e+00,-6.796685e-01,3.643525e+00,3.019783e-04,0.000000e+00,3.643827e+00,0.000000e+00,3.643525e+00,0.000000e+00,3.019783e-04,-1.369700e+03,-1.396450e+03,0.000000e+00,2.698327e-06,0.000000e+00,0.000000e+00,0.000000e+00,0.000000e+00,-3.885683e-03,0.000000e+00
